Topic,Docid,Value
301,0,"[56, 3.4351523154780628]"
301,1,"[75, 4.687564774903298]"
302,0,"[1, 5.787801284241451]"
303,0,"[2, 5.787801284241451]"
304,0,"[1, 5.034220323412018]"
304,1,"[16, 4.401860184814872]"
304,2,"[19, 3.2279307721620825]"
304,3,"[47, 4.388209303083963]"
304,4,"[53, 3.8891395649433718]"
304,5,"[70, 4.123629121347809]"
304,6,"[75, 4.533653376619191]"
304,7,"[81, 3.3223626002244693]"
304,8,"[84, 3.7816189650647387]"
304,9,"[87, 3.5006347936621696]"
304,10,"[90, 4.123629121347809]"
304,11,"[93, 4.689069238543365]"
304,12,"[102, 3.168446589507323]"
304,13,"[107, 4.251807135066572]"
304,14,"[126, 4.533653376619191]"
304,15,"[129, 4.855518805266132]"
304,16,"[142, 4.689069238543365]"
304,17,"[160, 4.002953234984636]"
304,18,"[163, 3.4919959093639736]"
304,19,"[173, 3.8891395649433718]"
304,20,"[174, 3.8891395649433718]"
304,21,"[186, 4.533653376619191]"
304,22,"[204, 4.533653376619191]"
304,23,"[221, 4.533653376619191]"
306,0,"[247, 6.506154849905324]"
313,0,"[12, 6.786942198371556]"
320,0,"[19, 3.7111251928480895]"
322,0,"[56, 3.4351523154780628]"
322,1,"[75, 4.687564774903298]"
328,0,"[27, 6.786942198371556]"
329,0,"[28, 3.920477219876309]"
329,1,"[229, 4.687564774903298]"
331,0,"[20, 3.0645268711193303]"
331,1,"[30, 9.952267772473327]"
331,2,"[75, 4.080242487237544]"
331,3,"[174, 3.500186532458718]"
333,0,"[38, 5.787801284241451]"
339,0,"[10, 1.9520912926877287]"
339,1,"[19, 3.129473536532471]"
339,2,"[38, 9.033091192351655]"
339,3,"[97, 2.82884149899932]"
339,4,"[101, 2.507118197160767]"
339,5,"[105, 2.82884149899932]"
339,6,"[106, 3.245289908110204]"
339,7,"[122, 3.245289908110204]"
339,8,"[154, 3.0227896477842204]"
339,9,"[170, 2.9226014367285456]"
339,10,"[201, 3.5031482039784114]"
339,11,"[227, 3.369292664215289]"
339,12,"[235, 3.0227896477842204]"
348,0,"[47, 5.045087780881173]"
350,0,"[44, 3.737684332131947]"
351,0,"[50, 16.17295184789066]"
352,0,"[23, 6.103679576950424]"
352,1,"[44, 3.4358078609635303]"
352,2,"[51, 15.711399013924432]"
352,3,"[90, 2.90289742014516]"
352,4,"[106, 3.5439232674005723]"
352,5,"[159, 2.993130468364081]"
352,6,"[190, 3.3009484109474214]"
352,7,"[194, 3.3009484109474214]"
352,8,"[215, 2.90289742014516]"
352,9,"[227, 3.6793368252107324]"
352,10,"[232, 2.90289742014516]"
353,0,"[50, 5.390983949296886]"
353,1,"[52, 5.582349633384887]"
354,0,"[53, 4.471311448942958]"
355,0,"[54, 16.747048900154663]"
356,0,"[55, 16.395359309776605]"
356,1,"[154, 4.489309490043278]"
356,2,"[170, 4.340514522781035]"
357,0,"[56, 7.639385362165511]"
358,0,"[57, 11.575602568482902]"
359,0,"[58, 18.026860737646313]"
360,0,"[13, 4.340514522781035]"
360,1,"[59, 16.091015364496783]"
360,2,"[114, 3.832422818221897]"
360,3,"[157, 4.004290321888987]"
360,4,"[195, 4.004290321888987]"
360,5,"[220, 4.146432046654313]"
360,6,"[233, 4.146432046654313]"
361,0,"[60, 13.012309699810649]"
362,0,"[26, 4.146432046654313]"
362,1,"[61, 11.828115983298833]"
362,2,"[156, 4.146432046654313]"
362,3,"[175, 4.463302968110446]"
362,4,"[186, 3.8715709696867293]"
363,0,"[62, 12.4953555756017]"
364,0,"[63, 5.390983949296886]"
365,0,"[64, 13.012309699810649]"
366,0,"[12, 5.312885033971817]"
366,1,"[65, 17.38609913075524]"
366,2,"[118, 4.220115201434002]"
366,3,"[143, 4.530747709922641]"
367,0,"[66, 4.687564774903298]"
367,1,"[194, 4.848256795068338]"
368,0,"[67, 13.012309699810649]"
369,0,"[68, 18.74303336340255]"
370,0,"[69, 5.390983949296886]"
371,0,"[44, 2.543597340817308]"
371,1,"[49, 3.7989429874863534]"
371,2,"[70, 12.708119036457756]"
371,3,"[152, 3.3266008325180976]"
371,4,"[154, 3.6687133581446254]"
371,5,"[208, 3.9387585059593113]"
371,6,"[212, 3.7989429874863534]"
372,0,"[71, 16.395359309776605]"
372,1,"[99, 4.201266534240972]"
372,2,"[213, 5.202716136293645]"
373,0,"[33, 9.39027523847016]"
373,1,"[72, 13.916628791570679]"
373,2,"[98, 5.404013496549382]"
373,3,"[113, 4.7038678992293566]"
373,4,"[225, 4.89074355515354]"
374,0,"[73, 17.421920654980255]"
374,1,"[234, 6.103679576950424]"
375,0,"[48, 4.537183071851577]"
375,1,"[74, 10.808026993098764]"
375,2,"[81, 5.128989559484391]"
376,0,"[20, 3.0645268711193303]"
376,1,"[30, 4.369918139088439]"
376,2,"[75, 11.204362515668633]"
376,3,"[174, 3.500186532458718]"
377,0,"[76, 12.017907158430875]"
378,0,"[77, 11.164699266769775]"
379,0,"[78, 5.787801284241451]"
380,0,"[36, 4.105352328518896]"
380,1,"[38, 4.105352328518896]"
380,2,"[79, 16.29793027033485]"
380,3,"[80, 3.959623169582752]"
380,4,"[82, 4.431547887419488]"
380,5,"[233, 5.020357099381721]"
380,6,"[241, 4.431547887419488]"
381,0,"[80, 11.164699266769775]"
382,0,"[18, 5.6187045951145125]"
382,1,"[74, 5.404013496549382]"
382,2,"[81, 14.077671800051537]"
383,0,"[38, 4.105352328518896]"
383,1,"[69, 3.8238853447703622]"
383,2,"[78, 5.205125292292637]"
383,3,"[82, 16.29793027033485]"
383,4,"[89, 4.361658158821788]"
383,5,"[90, 3.362775033215016]"
383,6,"[148, 3.959623169582752]"
384,0,"[83, 16.747048900154663]"
385,0,"[18, 5.6187045951145125]"
385,1,"[81, 5.128989559484391]"
385,2,"[84, 8.695391816971213]"
386,0,"[34, 2.8791295661125424]"
386,1,"[78, 3.9387585059593113]"
386,2,"[85, 15.514361074442213]"
386,3,"[93, 3.6687133581446254]"
386,4,"[204, 3.54711646551996]"
386,5,"[205, 3.7989429874863534]"
386,6,"[227, 4.089258746061348]"
387,0,"[86, 5.212303623953761]"
387,1,"[87, 3.6194766086878087]"
387,2,"[120, 5.020357099381721]"
388,0,"[11, 5.205125292292637]"
388,1,"[87, 7.644127349576722]"
389,0,"[19, 2.7565325426313243]"
389,1,"[39, 4.1388480814763655]"
389,2,"[41, 2.0831164545321386]"
389,3,"[88, 10.912821799790995]"
389,4,"[130, 4.832611846597106]"
389,5,"[196, 4.299036481183997]"
390,0,"[38, 4.105352328518896]"
390,1,"[69, 3.8238853447703622]"
390,2,"[82, 4.431547887419488]"
390,3,"[89, 8.592389688828376]"
390,4,"[90, 3.362775033215016]"
390,5,"[148, 3.959623169582752]"
391,0,"[13, 4.340514522781035]"
391,1,"[59, 5.202716136293645]"
391,2,"[90, 14.2227064317854]"
391,3,"[114, 3.832422818221897]"
392,0,"[91, 6.506154849905324]"
393,0,"[92, 6.506154849905324]"
394,0,"[93, 12.68020950447227]"
395,0,"[94, 4.848256795068338]"
395,1,"[137, 5.85115996587865]"
396,0,"[83, 5.020357099381721]"
396,1,"[95, 16.78072786077554]"
397,0,"[57, 4.530747709922641]"
397,1,"[84, 3.4034190728773197]"
397,2,"[96, 11.13842134295439]"
397,3,"[118, 4.220115201434002]"
398,0,"[10, 1.9520912926877287]"
398,1,"[19, 3.129473536532471]"
398,2,"[38, 3.245289908110204]"
398,3,"[97, 17.45620013261324]"
398,4,"[101, 2.507118197160767]"
398,5,"[105, 2.82884149899932]"
398,6,"[106, 3.245289908110204]"
398,7,"[109, 4.687564774903298]"
398,8,"[122, 3.245289908110204]"
398,9,"[154, 3.0227896477842204]"
398,10,"[170, 2.9226014367285456]"
398,11,"[201, 3.5031482039784114]"
398,12,"[227, 3.369292664215289]"
398,13,"[235, 3.0227896477842204]"
399,0,"[98, 12.017907158430875]"
400,0,"[99, 15.135263342643519]"
401,0,"[0, 2.3210546657274524]"
401,1,"[3, 2.2323326792533935]"
401,2,"[4, 2.174586426979139]"
401,3,"[6, 2.2651394022176556]"
401,4,"[10, 2.0545866708356613]"
401,5,"[13, 1.4829055339313806]"
401,6,"[16, 1.4397975066461441]"
401,7,"[17, 1.3907168912196142]"
401,8,"[20, 1.6525143377671732]"
401,9,"[29, 1.2720925275912272]"
401,10,"[30, 1.588183989444376]"
401,11,"[34, 2.2623713722152266]"
401,12,"[39, 1.309319661454533]"
401,13,"[42, 2.206582287222112]"
401,14,"[44, 1.0633748875900575]"
401,15,"[45, 4.393706899921346]"
401,16,"[52, 1.588183989444376]"
401,17,"[53, 1.8206274299576213]"
401,18,"[59, 2.2856795633974407]"
401,19,"[63, 2.0737918766221717]"
401,20,"[66, 1.4829055339313806]"
401,21,"[69, 2.0737918766221717]"
401,22,"[70, 1.348791346833681]"
401,23,"[77, 1.588183989444376]"
401,24,"[84, 1.7843229879192053]"
401,25,"[87, 2.2092154041928875]"
401,26,"[88, 5.158606455998371]"
401,27,"[89, 1.7494381052427646]"
401,28,"[100, 15.251374846342229]"
401,29,"[101, 1.2720925275912272]"
401,30,"[102, 1.0363621987021339]"
401,31,"[104, 1.8584398794652104]"
401,32,"[108, 2.0930874762643055]"
401,33,"[114, 1.8584398794652104]"
401,34,"[122, 1.646635187223878]"
401,35,"[158, 2.0930874762643055]"
401,36,"[160, 5.997287960941576]"
401,37,"[163, 1.142191435535619]"
401,38,"[164, 1.3907168912196142]"
401,39,"[168, 1.2720925275912272]"
401,40,"[172, 2.1958128949925135]"
401,41,"[177, 1.5337402631360064]"
401,42,"[187, 1.7494381052427646]"
401,43,"[197, 2.429399864153577]"
401,44,"[202, 2.026819191039045]"
401,45,"[207, 1.565766491751476]"
401,46,"[226, 1.5337402631360064]"
401,47,"[238, 1.348791346833681]"
402,0,"[101, 8.942622897885917]"
403,0,"[102, 3.6427367222123963]"
404,0,"[0, 2.3210546657274524]"
404,1,"[3, 2.2323326792533935]"
404,2,"[4, 2.174586426979139]"
404,3,"[6, 2.2651394022176556]"
404,4,"[10, 2.0545866708356613]"
404,5,"[13, 1.4829055339313806]"
404,6,"[16, 1.4397975066461441]"
404,7,"[17, 1.3907168912196142]"
404,8,"[20, 1.6525143377671732]"
404,9,"[29, 1.2720925275912272]"
404,10,"[30, 1.588183989444376]"
404,11,"[34, 2.2623713722152266]"
404,12,"[39, 1.309319661454533]"
404,13,"[42, 2.206582287222112]"
404,14,"[44, 1.0633748875900575]"
404,15,"[45, 1.5076122980408369]"
404,16,"[52, 1.588183989444376]"
404,17,"[53, 1.8206274299576213]"
404,18,"[59, 2.2856795633974407]"
404,19,"[63, 2.0737918766221717]"
404,20,"[66, 1.4829055339313806]"
404,21,"[69, 2.0737918766221717]"
404,22,"[70, 1.348791346833681]"
404,23,"[77, 1.588183989444376]"
404,24,"[84, 1.7843229879192053]"
404,25,"[87, 2.2092154041928875]"
404,26,"[88, 1.7190777154726111]"
404,27,"[89, 1.7494381052427646]"
404,28,"[101, 1.2720925275912272]"
404,29,"[102, 1.0363621987021339]"
404,30,"[103, 15.087497539433564]"
404,31,"[104, 1.8584398794652104]"
404,32,"[108, 2.0930874762643055]"
404,33,"[114, 1.8584398794652104]"
404,34,"[122, 1.646635187223878]"
404,35,"[149, 4.537183071851577]"
404,36,"[158, 2.0930874762643055]"
404,37,"[160, 1.8584398794652104]"
404,38,"[163, 1.142191435535619]"
404,39,"[164, 1.3907168912196142]"
404,40,"[168, 1.2720925275912272]"
404,41,"[172, 2.1958128949925135]"
404,42,"[177, 1.5337402631360064]"
404,43,"[187, 1.7494381052427646]"
404,44,"[197, 2.429399864153577]"
404,45,"[202, 2.026819191039045]"
404,46,"[207, 1.565766491751476]"
404,47,"[226, 1.5337402631360064]"
404,48,"[236, 5.205125292292637]"
404,49,"[238, 1.348791346833681]"
405,0,"[104, 9.204324159773716]"
406,0,"[1, 4.105352328518896]"
406,1,"[10, 1.9520912926877287]"
406,2,"[19, 3.129473536532471]"
406,3,"[38, 3.245289908110204]"
406,4,"[97, 2.82884149899932]"
406,5,"[101, 2.507118197160767]"
406,6,"[105, 11.452466595115435]"
406,7,"[106, 3.245289908110204]"
406,8,"[122, 3.245289908110204]"
406,9,"[128, 4.614888564935234]"
406,10,"[140, 4.614888564935234]"
406,11,"[153, 4.26221813032186]"
406,12,"[154, 3.0227896477842204]"
406,13,"[170, 2.9226014367285456]"
406,14,"[201, 3.5031482039784114]"
406,15,"[217, 4.81405417865163]"
406,16,"[227, 3.369292664215289]"
406,17,"[235, 3.0227896477842204]"
407,0,"[0, 2.3210546657274524]"
407,1,"[3, 2.2323326792533935]"
407,2,"[4, 2.174586426979139]"
407,3,"[6, 2.2651394022176556]"
407,4,"[10, 2.0545866708356613]"
407,5,"[13, 1.4829055339313806]"
407,6,"[16, 1.4397975066461441]"
407,7,"[17, 1.3907168912196142]"
407,8,"[20, 1.6525143377671732]"
407,9,"[29, 1.2720925275912272]"
407,10,"[30, 1.588183989444376]"
407,11,"[34, 2.2623713722152266]"
407,12,"[39, 1.309319661454533]"
407,13,"[42, 2.206582287222112]"
407,14,"[44, 1.0633748875900575]"
407,15,"[45, 1.5076122980408369]"
407,16,"[46, 2.82386150154766]"
407,17,"[52, 1.588183989444376]"
407,18,"[53, 1.8206274299576213]"
407,19,"[59, 2.2856795633974407]"
407,20,"[63, 2.0737918766221717]"
407,21,"[66, 1.4829055339313806]"
407,22,"[69, 2.0737918766221717]"
407,23,"[70, 1.348791346833681]"
407,24,"[77, 1.588183989444376]"
407,25,"[84, 1.7843229879192053]"
407,26,"[87, 2.2092154041928875]"
407,27,"[88, 1.7190777154726111]"
407,28,"[89, 1.7494381052427646]"
407,29,"[101, 1.2720925275912272]"
407,30,"[102, 1.0363621987021339]"
407,31,"[104, 1.8584398794652104]"
407,32,"[106, 16.395359309776605]"
407,33,"[108, 2.0930874762643055]"
407,34,"[114, 1.8584398794652104]"
407,35,"[122, 1.646635187223878]"
407,36,"[158, 2.0930874762643055]"
407,37,"[160, 1.8584398794652104]"
407,38,"[163, 1.142191435535619]"
407,39,"[164, 1.3907168912196142]"
407,40,"[168, 1.2720925275912272]"
407,41,"[172, 2.1958128949925135]"
407,42,"[177, 1.5337402631360064]"
407,43,"[187, 1.7494381052427646]"
407,44,"[190, 4.489309490043278]"
407,45,"[197, 2.429399864153577]"
407,46,"[202, 2.026819191039045]"
407,47,"[207, 1.565766491751476]"
407,48,"[226, 1.5337402631360064]"
407,49,"[238, 1.348791346833681]"
408,0,"[99, 4.537183071851577]"
408,1,"[107, 9.284417576243856]"
409,0,"[0, 4.642109331454905]"
409,1,"[3, 4.464665358506787]"
409,2,"[4, 4.349172853958278]"
409,3,"[6, 4.530278804435311]"
409,4,"[10, 4.1091733416713225]"
409,5,"[13, 2.965811067862761]"
409,6,"[16, 2.8795950132922883]"
409,7,"[17, 2.7814337824392283]"
409,8,"[20, 3.3050286755343463]"
409,9,"[29, 2.5441850551824543]"
409,10,"[30, 3.176367978888752]"
409,11,"[34, 4.524742744430453]"
409,12,"[39, 2.618639322909066]"
409,13,"[42, 4.413164574444224]"
409,14,"[44, 2.126749775180115]"
409,15,"[45, 3.0152245960816737]"
409,16,"[52, 3.176367978888752]"
409,17,"[53, 3.6412548599152426]"
409,18,"[59, 4.571359126794881]"
409,19,"[63, 4.147583753244343]"
409,20,"[66, 2.965811067862761]"
409,21,"[69, 4.147583753244343]"
409,22,"[70, 2.697582693667362]"
409,23,"[77, 3.176367978888752]"
409,24,"[84, 3.5686459758384106]"
409,25,"[87, 4.418430808385775]"
409,26,"[88, 3.4381554309452222]"
409,27,"[89, 3.498876210485529]"
409,28,"[101, 2.5441850551824543]"
409,29,"[102, 2.0727243974042677]"
409,30,"[104, 3.7168797589304208]"
409,31,"[108, 21.576958586471036]"
409,32,"[114, 3.7168797589304208]"
409,33,"[122, 3.293270374447756]"
409,34,"[158, 4.186174952528611]"
409,35,"[160, 3.7168797589304208]"
409,36,"[163, 2.284382871071238]"
409,37,"[164, 2.7814337824392283]"
409,38,"[168, 2.5441850551824543]"
409,39,"[172, 4.391625789985027]"
409,40,"[177, 3.067480526272013]"
409,41,"[187, 3.498876210485529]"
409,42,"[197, 4.858799728307154]"
409,43,"[202, 4.05363838207809]"
409,44,"[207, 3.131532983502952]"
409,45,"[226, 3.067480526272013]"
409,46,"[238, 2.697582693667362]"
410,0,"[109, 10.424607247907522]"
411,0,"[0, 4.642109331454905]"
411,1,"[3, 4.464665358506787]"
411,2,"[4, 4.349172853958278]"
411,3,"[6, 4.530278804435311]"
411,4,"[10, 4.1091733416713225]"
411,5,"[13, 2.965811067862761]"
411,6,"[16, 2.8795950132922883]"
411,7,"[17, 2.7814337824392283]"
411,8,"[20, 3.3050286755343463]"
411,9,"[29, 2.5441850551824543]"
411,10,"[30, 3.176367978888752]"
411,11,"[34, 4.524742744430453]"
411,12,"[39, 2.618639322909066]"
411,13,"[42, 4.413164574444224]"
411,14,"[44, 2.126749775180115]"
411,15,"[45, 3.0152245960816737]"
411,16,"[52, 3.176367978888752]"
411,17,"[53, 3.6412548599152426]"
411,18,"[59, 4.571359126794881]"
411,19,"[63, 4.147583753244343]"
411,20,"[66, 2.965811067862761]"
411,21,"[69, 4.147583753244343]"
411,22,"[70, 2.697582693667362]"
411,23,"[77, 3.176367978888752]"
411,24,"[84, 3.5686459758384106]"
411,25,"[87, 4.418430808385775]"
411,26,"[88, 3.4381554309452222]"
411,27,"[89, 3.498876210485529]"
411,28,"[101, 2.5441850551824543]"
411,29,"[102, 2.0727243974042677]"
411,30,"[104, 3.7168797589304208]"
411,31,"[108, 4.186174952528611]"
411,32,"[110, 15.636910871861282]"
411,33,"[114, 3.7168797589304208]"
411,34,"[122, 3.293270374447756]"
411,35,"[158, 4.186174952528611]"
411,36,"[160, 3.7168797589304208]"
411,37,"[163, 2.284382871071238]"
411,38,"[164, 2.7814337824392283]"
411,39,"[168, 2.5441850551824543]"
411,40,"[172, 4.391625789985027]"
411,41,"[177, 3.067480526272013]"
411,42,"[187, 3.498876210485529]"
411,43,"[197, 4.858799728307154]"
411,44,"[202, 4.05363838207809]"
411,45,"[207, 3.131532983502952]"
411,46,"[226, 3.067480526272013]"
411,47,"[238, 2.697582693667362]"
412,0,"[111, 5.205125292292637]"
412,1,"[157, 4.848256795068338]"
413,0,"[39, 4.1388480814763655]"
413,1,"[112, 6.506154849905324]"
413,2,"[165, 5.6187045951145125]"
414,0,"[0, 4.642109331454905]"
414,1,"[3, 4.464665358506787]"
414,2,"[4, 4.349172853958278]"
414,3,"[6, 4.530278804435311]"
414,4,"[10, 4.1091733416713225]"
414,5,"[13, 2.965811067862761]"
414,6,"[16, 2.8795950132922883]"
414,7,"[17, 2.7814337824392283]"
414,8,"[20, 3.3050286755343463]"
414,9,"[29, 2.5441850551824543]"
414,10,"[30, 3.176367978888752]"
414,11,"[34, 4.524742744430453]"
414,12,"[39, 2.618639322909066]"
414,13,"[42, 4.413164574444224]"
414,14,"[44, 2.126749775180115]"
414,15,"[45, 3.0152245960816737]"
414,16,"[52, 3.176367978888752]"
414,17,"[53, 3.6412548599152426]"
414,18,"[59, 4.571359126794881]"
414,19,"[63, 4.147583753244343]"
414,20,"[66, 2.965811067862761]"
414,21,"[69, 4.147583753244343]"
414,22,"[70, 2.697582693667362]"
414,23,"[77, 3.176367978888752]"
414,24,"[84, 3.5686459758384106]"
414,25,"[87, 4.418430808385775]"
414,26,"[88, 3.4381554309452222]"
414,27,"[89, 3.498876210485529]"
414,28,"[101, 2.5441850551824543]"
414,29,"[102, 2.0727243974042677]"
414,30,"[104, 3.7168797589304208]"
414,31,"[108, 4.186174952528611]"
414,32,"[113, 12.017907158430875]"
414,33,"[114, 3.7168797589304208]"
414,34,"[122, 3.293270374447756]"
414,35,"[158, 4.186174952528611]"
414,36,"[160, 3.7168797589304208]"
414,37,"[163, 2.284382871071238]"
414,38,"[164, 9.596808781468479]"
414,39,"[168, 2.5441850551824543]"
414,40,"[172, 4.391625789985027]"
414,41,"[177, 3.067480526272013]"
414,42,"[187, 3.498876210485529]"
414,43,"[197, 4.858799728307154]"
414,44,"[202, 4.05363838207809]"
414,45,"[207, 3.131532983502952]"
414,46,"[226, 3.067480526272013]"
414,47,"[238, 2.697582693667362]"
415,0,"[0, 2.3210546657274524]"
415,1,"[3, 2.2323326792533935]"
415,2,"[4, 2.174586426979139]"
415,3,"[6, 2.2651394022176556]"
415,4,"[10, 2.0545866708356613]"
415,5,"[13, 1.4829055339313806]"
415,6,"[16, 1.4397975066461441]"
415,7,"[17, 1.3907168912196142]"
415,8,"[20, 1.6525143377671732]"
415,9,"[29, 1.2720925275912272]"
415,10,"[30, 1.588183989444376]"
415,11,"[34, 2.2623713722152266]"
415,12,"[38, 4.105352328518896]"
415,13,"[39, 1.309319661454533]"
415,14,"[42, 2.206582287222112]"
415,15,"[44, 1.0633748875900575]"
415,16,"[45, 1.5076122980408369]"
415,17,"[52, 1.588183989444376]"
415,18,"[53, 1.8206274299576213]"
415,19,"[59, 2.2856795633974407]"
415,20,"[63, 2.0737918766221717]"
415,21,"[66, 1.4829055339313806]"
415,22,"[69, 5.897677221392534]"
415,23,"[70, 1.348791346833681]"
415,24,"[77, 1.588183989444376]"
415,25,"[82, 4.431547887419488]"
415,26,"[84, 1.7843229879192053]"
415,27,"[87, 2.2092154041928875]"
415,28,"[88, 1.7190777154726111]"
415,29,"[89, 6.111096264064552]"
415,30,"[90, 3.362775033215016]"
415,31,"[101, 1.2720925275912272]"
415,32,"[102, 1.0363621987021339]"
415,33,"[104, 1.8584398794652104]"
415,34,"[108, 2.0930874762643055]"
415,35,"[114, 11.062764039238926]"
415,36,"[122, 1.646635187223878]"
415,37,"[148, 3.959623169582752]"
415,38,"[158, 2.0930874762643055]"
415,39,"[160, 1.8584398794652104]"
415,40,"[163, 1.142191435535619]"
415,41,"[164, 1.3907168912196142]"
415,42,"[168, 1.2720925275912272]"
415,43,"[172, 2.1958128949925135]"
415,44,"[177, 1.5337402631360064]"
415,45,"[187, 1.7494381052427646]"
415,46,"[197, 2.429399864153577]"
415,47,"[202, 2.026819191039045]"
415,48,"[207, 1.565766491751476]"
415,49,"[226, 1.5337402631360064]"
415,50,"[238, 1.348791346833681]"
416,0,"[115, 18.74303336340255]"
417,0,"[116, 6.786942198371556]"
418,0,"[0, 2.3210546657274524]"
418,1,"[3, 2.2323326792533935]"
418,2,"[4, 2.174586426979139]"
418,3,"[6, 2.2651394022176556]"
418,4,"[10, 2.0545866708356613]"
418,5,"[13, 1.4829055339313806]"
418,6,"[16, 1.4397975066461441]"
418,7,"[17, 1.3907168912196142]"
418,8,"[20, 1.6525143377671732]"
418,9,"[29, 1.2720925275912272]"
418,10,"[30, 1.588183989444376]"
418,11,"[31, 4.648668113575619]"
418,12,"[34, 2.2623713722152266]"
418,13,"[39, 1.309319661454533]"
418,14,"[42, 2.206582287222112]"
418,15,"[44, 1.0633748875900575]"
418,16,"[45, 1.5076122980408369]"
418,17,"[52, 1.588183989444376]"
418,18,"[53, 1.8206274299576213]"
418,19,"[59, 2.2856795633974407]"
418,20,"[63, 2.0737918766221717]"
418,21,"[66, 1.4829055339313806]"
418,22,"[69, 2.0737918766221717]"
418,23,"[70, 1.348791346833681]"
418,24,"[77, 1.588183989444376]"
418,25,"[84, 1.7843229879192053]"
418,26,"[87, 2.2092154041928875]"
418,27,"[88, 1.7190777154726111]"
418,28,"[89, 1.7494381052427646]"
418,29,"[101, 1.2720925275912272]"
418,30,"[102, 1.0363621987021339]"
418,31,"[104, 1.8584398794652104]"
418,32,"[108, 2.0930874762643055]"
418,33,"[114, 1.8584398794652104]"
418,34,"[117, 11.450393924094495]"
418,35,"[122, 1.646635187223878]"
418,36,"[158, 2.0930874762643055]"
418,37,"[160, 1.8584398794652104]"
418,38,"[163, 1.142191435535619]"
418,39,"[164, 1.3907168912196142]"
418,40,"[168, 1.2720925275912272]"
418,41,"[172, 2.1958128949925135]"
418,42,"[177, 1.5337402631360064]"
418,43,"[187, 1.7494381052427646]"
418,44,"[197, 2.429399864153577]"
418,45,"[202, 2.026819191039045]"
418,46,"[207, 1.565766491751476]"
418,47,"[226, 1.5337402631360064]"
418,48,"[238, 1.348791346833681]"
418,49,"[239, 4.340514522781035]"
419,0,"[0, 2.3210546657274524]"
419,1,"[3, 2.2323326792533935]"
419,2,"[4, 2.174586426979139]"
419,3,"[6, 2.2651394022176556]"
419,4,"[10, 2.0545866708356613]"
419,5,"[13, 1.4829055339313806]"
419,6,"[16, 1.4397975066461441]"
419,7,"[17, 1.3907168912196142]"
419,8,"[20, 1.6525143377671732]"
419,9,"[29, 1.2720925275912272]"
419,10,"[30, 1.588183989444376]"
419,11,"[34, 2.2623713722152266]"
419,12,"[39, 1.309319661454533]"
419,13,"[42, 2.206582287222112]"
419,14,"[44, 1.0633748875900575]"
419,15,"[45, 1.5076122980408369]"
419,16,"[52, 1.588183989444376]"
419,17,"[53, 1.8206274299576213]"
419,18,"[57, 4.530747709922641]"
419,19,"[59, 2.2856795633974407]"
419,20,"[63, 2.0737918766221717]"
419,21,"[66, 1.4829055339313806]"
419,22,"[69, 2.0737918766221717]"
419,23,"[70, 1.348791346833681]"
419,24,"[77, 1.588183989444376]"
419,25,"[84, 5.187742060796525]"
419,26,"[87, 2.2092154041928875]"
419,27,"[88, 1.7190777154726111]"
419,28,"[89, 1.7494381052427646]"
419,29,"[96, 4.89074355515354]"
419,30,"[101, 1.2720925275912272]"
419,31,"[102, 1.0363621987021339]"
419,32,"[104, 1.8584398794652104]"
419,33,"[108, 2.0930874762643055]"
419,34,"[114, 1.8584398794652104]"
419,35,"[118, 9.611099150730887]"
419,36,"[122, 1.646635187223878]"
419,37,"[158, 2.0930874762643055]"
419,38,"[160, 1.8584398794652104]"
419,39,"[163, 1.142191435535619]"
419,40,"[164, 1.3907168912196142]"
419,41,"[168, 1.2720925275912272]"
419,42,"[172, 2.1958128949925135]"
419,43,"[177, 1.5337402631360064]"
419,44,"[187, 1.7494381052427646]"
419,45,"[197, 2.429399864153577]"
419,46,"[202, 2.026819191039045]"
419,47,"[207, 1.565766491751476]"
419,48,"[226, 1.5337402631360064]"
419,49,"[238, 1.348791346833681]"
420,0,"[119, 17.421920654980255]"
420,1,"[205, 5.020357099381721]"
421,0,"[41, 2.335433676493475]"
421,1,"[65, 5.202716136293645]"
421,2,"[87, 3.6194766086878087]"
421,3,"[120, 16.816780194652843]"
422,0,"[0, 4.642109331454905]"
422,1,"[3, 4.464665358506787]"
422,2,"[4, 4.349172853958278]"
422,3,"[6, 4.530278804435311]"
422,4,"[10, 4.1091733416713225]"
422,5,"[13, 2.965811067862761]"
422,6,"[16, 2.8795950132922883]"
422,7,"[17, 2.7814337824392283]"
422,8,"[20, 3.3050286755343463]"
422,9,"[21, 5.404013496549382]"
422,10,"[29, 2.5441850551824543]"
422,11,"[30, 3.176367978888752]"
422,12,"[34, 4.524742744430453]"
422,13,"[39, 2.618639322909066]"
422,14,"[42, 4.413164574444224]"
422,15,"[44, 2.126749775180115]"
422,16,"[45, 3.0152245960816737]"
422,17,"[52, 3.176367978888752]"
422,18,"[53, 3.6412548599152426]"
422,19,"[59, 4.571359126794881]"
422,20,"[63, 4.147583753244343]"
422,21,"[66, 2.965811067862761]"
422,22,"[69, 4.147583753244343]"
422,23,"[70, 2.697582693667362]"
422,24,"[77, 3.176367978888752]"
422,25,"[84, 3.5686459758384106]"
422,26,"[87, 4.418430808385775]"
422,27,"[88, 3.4381554309452222]"
422,28,"[89, 3.498876210485529]"
422,29,"[101, 2.5441850551824543]"
422,30,"[102, 2.0727243974042677]"
422,31,"[104, 3.7168797589304208]"
422,32,"[108, 4.186174952528611]"
422,33,"[114, 3.7168797589304208]"
422,34,"[121, 18.863469665689298]"
422,35,"[122, 3.293270374447756]"
422,36,"[158, 4.186174952528611]"
422,37,"[160, 3.7168797589304208]"
422,38,"[163, 2.284382871071238]"
422,39,"[164, 2.7814337824392283]"
422,40,"[168, 2.5441850551824543]"
422,41,"[172, 4.391625789985027]"
422,42,"[177, 3.067480526272013]"
422,43,"[187, 3.498876210485529]"
422,44,"[197, 4.858799728307154]"
422,45,"[202, 4.05363838207809]"
422,46,"[207, 3.131532983502952]"
422,47,"[226, 3.067480526272013]"
422,48,"[238, 2.697582693667362]"
423,0,"[0, 2.3210546657274524]"
423,1,"[3, 2.2323326792533935]"
423,2,"[4, 2.174586426979139]"
423,3,"[6, 2.2651394022176556]"
423,4,"[10, 2.0545866708356613]"
423,5,"[13, 1.4829055339313806]"
423,6,"[16, 1.4397975066461441]"
423,7,"[17, 1.3907168912196142]"
423,8,"[20, 1.6525143377671732]"
423,9,"[29, 1.2720925275912272]"
423,10,"[30, 1.588183989444376]"
423,11,"[34, 2.2623713722152266]"
423,12,"[39, 1.309319661454533]"
423,13,"[42, 2.206582287222112]"
423,14,"[44, 1.0633748875900575]"
423,15,"[45, 1.5076122980408369]"
423,16,"[52, 1.588183989444376]"
423,17,"[53, 1.8206274299576213]"
423,18,"[59, 2.2856795633974407]"
423,19,"[63, 2.0737918766221717]"
423,20,"[66, 1.4829055339313806]"
423,21,"[69, 2.0737918766221717]"
423,22,"[70, 1.348791346833681]"
423,23,"[77, 1.588183989444376]"
423,24,"[84, 1.7843229879192053]"
423,25,"[87, 2.2092154041928875]"
423,26,"[88, 1.7190777154726111]"
423,27,"[89, 1.7494381052427646]"
423,28,"[101, 1.2720925275912272]"
423,29,"[102, 1.0363621987021339]"
423,30,"[104, 1.8584398794652104]"
423,31,"[108, 2.0930874762643055]"
423,32,"[114, 1.8584398794652104]"
423,33,"[122, 19.01003903994823]"
423,34,"[158, 2.0930874762643055]"
423,35,"[160, 1.8584398794652104]"
423,36,"[163, 1.142191435535619]"
423,37,"[164, 1.3907168912196142]"
423,38,"[168, 1.2720925275912272]"
423,39,"[172, 2.1958128949925135]"
423,40,"[177, 1.5337402631360064]"
423,41,"[187, 1.7494381052427646]"
423,42,"[197, 2.429399864153577]"
423,43,"[202, 2.026819191039045]"
423,44,"[207, 1.565766491751476]"
423,45,"[226, 1.5337402631360064]"
423,46,"[238, 1.348791346833681]"
424,0,"[123, 5.582349633384887]"
425,0,"[124, 12.4953555756017]"
426,0,"[0, 2.3210546657274524]"
426,1,"[3, 2.2323326792533935]"
426,2,"[4, 2.174586426979139]"
426,3,"[6, 2.2651394022176556]"
426,4,"[10, 2.0545866708356613]"
426,5,"[13, 1.4829055339313806]"
426,6,"[16, 1.4397975066461441]"
426,7,"[17, 1.3907168912196142]"
426,8,"[20, 1.6525143377671732]"
426,9,"[29, 1.2720925275912272]"
426,10,"[30, 1.588183989444376]"
426,11,"[34, 2.2623713722152266]"
426,12,"[39, 1.309319661454533]"
426,13,"[42, 2.206582287222112]"
426,14,"[44, 1.0633748875900575]"
426,15,"[45, 1.5076122980408369]"
426,16,"[52, 1.588183989444376]"
426,17,"[53, 1.8206274299576213]"
426,18,"[59, 2.2856795633974407]"
426,19,"[63, 2.0737918766221717]"
426,20,"[66, 1.4829055339313806]"
426,21,"[69, 2.0737918766221717]"
426,22,"[70, 1.348791346833681]"
426,23,"[77, 1.588183989444376]"
426,24,"[84, 1.7843229879192053]"
426,25,"[87, 2.2092154041928875]"
426,26,"[88, 1.7190777154726111]"
426,27,"[89, 1.7494381052427646]"
426,28,"[101, 1.2720925275912272]"
426,29,"[102, 1.0363621987021339]"
426,30,"[104, 1.8584398794652104]"
426,31,"[108, 2.0930874762643055]"
426,32,"[114, 1.8584398794652104]"
426,33,"[122, 1.646635187223878]"
426,34,"[125, 16.78072786077554]"
426,35,"[158, 2.0930874762643055]"
426,36,"[160, 1.8584398794652104]"
426,37,"[163, 1.142191435535619]"
426,38,"[164, 1.3907168912196142]"
426,39,"[168, 1.2720925275912272]"
426,40,"[172, 2.1958128949925135]"
426,41,"[177, 1.5337402631360064]"
426,42,"[187, 1.7494381052427646]"
426,43,"[197, 6.339399676702699]"
426,44,"[202, 2.026819191039045]"
426,45,"[207, 1.565766491751476]"
426,46,"[226, 1.5337402631360064]"
426,47,"[238, 1.348791346833681]"
427,0,"[0, 2.3210546657274524]"
427,1,"[3, 2.2323326792533935]"
427,2,"[4, 2.174586426979139]"
427,3,"[6, 2.2651394022176556]"
427,4,"[10, 2.0545866708356613]"
427,5,"[13, 1.4829055339313806]"
427,6,"[16, 1.4397975066461441]"
427,7,"[17, 1.3907168912196142]"
427,8,"[20, 1.6525143377671732]"
427,9,"[29, 1.2720925275912272]"
427,10,"[30, 1.588183989444376]"
427,11,"[34, 2.2623713722152266]"
427,12,"[39, 1.309319661454533]"
427,13,"[42, 2.206582287222112]"
427,14,"[44, 1.0633748875900575]"
427,15,"[45, 1.5076122980408369]"
427,16,"[52, 1.588183989444376]"
427,17,"[53, 1.8206274299576213]"
427,18,"[59, 2.2856795633974407]"
427,19,"[63, 2.0737918766221717]"
427,20,"[66, 1.4829055339313806]"
427,21,"[69, 2.0737918766221717]"
427,22,"[70, 1.348791346833681]"
427,23,"[77, 1.588183989444376]"
427,24,"[84, 1.7843229879192053]"
427,25,"[87, 2.2092154041928875]"
427,26,"[88, 1.7190777154726111]"
427,27,"[89, 1.7494381052427646]"
427,28,"[101, 1.2720925275912272]"
427,29,"[102, 1.0363621987021339]"
427,30,"[104, 1.8584398794652104]"
427,31,"[107, 4.396150234776686]"
427,32,"[108, 2.0930874762643055]"
427,33,"[114, 1.8584398794652104]"
427,34,"[122, 1.646635187223878]"
427,35,"[126, 15.112172022810821]"
427,36,"[158, 2.0930874762643055]"
427,37,"[160, 1.8584398794652104]"
427,38,"[163, 1.142191435535619]"
427,39,"[164, 1.3907168912196142]"
427,40,"[168, 1.2720925275912272]"
427,41,"[172, 2.1958128949925135]"
427,42,"[177, 1.5337402631360064]"
427,43,"[187, 1.7494381052427646]"
427,44,"[197, 2.429399864153577]"
427,45,"[202, 2.026819191039045]"
427,46,"[207, 1.565766491751476]"
427,47,"[226, 1.5337402631360064]"
427,48,"[238, 1.348791346833681]"
428,0,"[127, 11.866382382915361]"
428,1,"[207, 3.2760110644392895]"
428,2,"[247, 6.506154849905324]"
429,0,"[1, 4.105352328518896]"
429,1,"[24, 3.959623169582752]"
429,2,"[105, 3.5785373152349425]"
429,3,"[128, 15.735931979775792]"
429,4,"[140, 4.614888564935234]"
429,5,"[153, 4.26221813032186]"
429,6,"[179, 3.264365150601583]"
429,7,"[212, 3.959623169582752]"
429,8,"[215, 3.362775033215016]"
429,9,"[217, 4.81405417865163]"
429,10,"[232, 3.362775033215016]"
430,0,"[35, 3.832422818221897]"
430,1,"[129, 10.231017746960507]"
430,2,"[178, 4.489309490043278]"
431,0,"[19, 2.7565325426313243]"
431,1,"[41, 2.0831164545321386]"
431,2,"[88, 3.067926521460106]"
431,3,"[130, 11.33876669650243]"
431,4,"[196, 4.299036481183997]"
432,0,"[0, 4.642109331454905]"
432,1,"[3, 4.464665358506787]"
432,2,"[4, 4.349172853958278]"
432,3,"[6, 4.530278804435311]"
432,4,"[10, 4.1091733416713225]"
432,5,"[13, 2.965811067862761]"
432,6,"[16, 2.8795950132922883]"
432,7,"[17, 2.7814337824392283]"
432,8,"[20, 3.3050286755343463]"
432,9,"[29, 2.5441850551824543]"
432,10,"[30, 3.176367978888752]"
432,11,"[34, 4.524742744430453]"
432,12,"[39, 2.618639322909066]"
432,13,"[42, 4.413164574444224]"
432,14,"[44, 2.126749775180115]"
432,15,"[45, 3.0152245960816737]"
432,16,"[52, 3.176367978888752]"
432,17,"[53, 3.6412548599152426]"
432,18,"[59, 4.571359126794881]"
432,19,"[63, 4.147583753244343]"
432,20,"[66, 2.965811067862761]"
432,21,"[69, 4.147583753244343]"
432,22,"[70, 2.697582693667362]"
432,23,"[77, 3.176367978888752]"
432,24,"[84, 3.5686459758384106]"
432,25,"[87, 4.418430808385775]"
432,26,"[88, 3.4381554309452222]"
432,27,"[89, 3.498876210485529]"
432,28,"[101, 2.5441850551824543]"
432,29,"[102, 2.0727243974042677]"
432,30,"[104, 3.7168797589304208]"
432,31,"[108, 4.186174952528611]"
432,32,"[114, 3.7168797589304208]"
432,33,"[122, 3.293270374447756]"
432,34,"[131, 11.575602568482902]"
432,35,"[158, 4.186174952528611]"
432,36,"[160, 3.7168797589304208]"
432,37,"[163, 2.284382871071238]"
432,38,"[164, 2.7814337824392283]"
432,39,"[168, 2.5441850551824543]"
432,40,"[172, 4.391625789985027]"
432,41,"[177, 3.067480526272013]"
432,42,"[187, 7.729607740492119]"
432,43,"[197, 4.858799728307154]"
432,44,"[202, 4.05363838207809]"
432,45,"[207, 3.131532983502952]"
432,46,"[226, 3.067480526272013]"
432,47,"[238, 2.697582693667362]"
433,0,"[0, 4.642109331454905]"
433,1,"[3, 4.464665358506787]"
433,2,"[4, 4.349172853958278]"
433,3,"[6, 4.530278804435311]"
433,4,"[10, 4.1091733416713225]"
433,5,"[13, 2.965811067862761]"
433,6,"[16, 2.8795950132922883]"
433,7,"[17, 2.7814337824392283]"
433,8,"[20, 3.3050286755343463]"
433,9,"[29, 2.5441850551824543]"
433,10,"[30, 3.176367978888752]"
433,11,"[34, 4.524742744430453]"
433,12,"[39, 2.618639322909066]"
433,13,"[42, 4.413164574444224]"
433,14,"[44, 2.126749775180115]"
433,15,"[45, 3.0152245960816737]"
433,16,"[52, 3.176367978888752]"
433,17,"[53, 3.6412548599152426]"
433,18,"[59, 4.571359126794881]"
433,19,"[63, 4.147583753244343]"
433,20,"[66, 2.965811067862761]"
433,21,"[69, 4.147583753244343]"
433,22,"[70, 2.697582693667362]"
433,23,"[77, 3.176367978888752]"
433,24,"[84, 3.5686459758384106]"
433,25,"[87, 4.418430808385775]"
433,26,"[88, 3.4381554309452222]"
433,27,"[89, 3.498876210485529]"
433,28,"[101, 2.5441850551824543]"
433,29,"[102, 2.0727243974042677]"
433,30,"[104, 3.7168797589304208]"
433,31,"[108, 4.186174952528611]"
433,32,"[114, 3.7168797589304208]"
433,33,"[122, 3.293270374447756]"
433,34,"[132, 18.74303336340255]"
433,35,"[158, 4.186174952528611]"
433,36,"[160, 3.7168797589304208]"
433,37,"[163, 2.284382871071238]"
433,38,"[164, 2.7814337824392283]"
433,39,"[168, 2.5441850551824543]"
433,40,"[172, 4.391625789985027]"
433,41,"[177, 3.067480526272013]"
433,42,"[187, 3.498876210485529]"
433,43,"[197, 4.858799728307154]"
433,44,"[202, 4.05363838207809]"
433,45,"[207, 3.131532983502952]"
433,46,"[226, 3.067480526272013]"
433,47,"[238, 2.697582693667362]"
434,0,"[0, 2.3210546657274524]"
434,1,"[3, 2.2323326792533935]"
434,2,"[4, 2.174586426979139]"
434,3,"[6, 2.2651394022176556]"
434,4,"[10, 2.0545866708356613]"
434,5,"[13, 1.4829055339313806]"
434,6,"[16, 1.4397975066461441]"
434,7,"[17, 1.3907168912196142]"
434,8,"[20, 1.6525143377671732]"
434,9,"[29, 1.2720925275912272]"
434,10,"[30, 1.588183989444376]"
434,11,"[34, 2.2623713722152266]"
434,12,"[39, 1.309319661454533]"
434,13,"[42, 2.206582287222112]"
434,14,"[44, 1.0633748875900575]"
434,15,"[45, 1.5076122980408369]"
434,16,"[51, 4.146432046654313]"
434,17,"[52, 1.588183989444376]"
434,18,"[53, 1.8206274299576213]"
434,19,"[59, 2.2856795633974407]"
434,20,"[63, 2.0737918766221717]"
434,21,"[66, 1.4829055339313806]"
434,22,"[69, 2.0737918766221717]"
434,23,"[70, 1.348791346833681]"
434,24,"[77, 1.588183989444376]"
434,25,"[84, 1.7843229879192053]"
434,26,"[87, 2.2092154041928875]"
434,27,"[88, 1.7190777154726111]"
434,28,"[89, 1.7494381052427646]"
434,29,"[94, 4.004290321888987]"
434,30,"[101, 1.2720925275912272]"
434,31,"[102, 1.0363621987021339]"
434,32,"[104, 1.8584398794652104]"
434,33,"[108, 2.0930874762643055]"
434,34,"[114, 1.8584398794652104]"
434,35,"[122, 1.646635187223878]"
434,36,"[133, 11.828115983298833]"
434,37,"[158, 2.0930874762643055]"
434,38,"[160, 1.8584398794652104]"
434,39,"[163, 1.142191435535619]"
434,40,"[164, 1.3907168912196142]"
434,41,"[166, 4.463302968110446]"
434,42,"[168, 1.2720925275912272]"
434,43,"[172, 2.1958128949925135]"
434,44,"[177, 1.5337402631360064]"
434,45,"[187, 1.7494381052427646]"
434,46,"[197, 2.429399864153577]"
434,47,"[202, 2.026819191039045]"
434,48,"[207, 1.565766491751476]"
434,49,"[226, 1.5337402631360064]"
434,50,"[236, 4.299036481183997]"
434,51,"[238, 1.348791346833681]"
435,0,"[71, 4.530747709922641]"
435,1,"[134, 14.972624871855048]"
435,2,"[186, 4.080242487237544]"
435,3,"[188, 4.7038678992293566]"
435,4,"[200, 5.6187045951145125]"
436,0,"[14, 5.205125292292637]"
436,1,"[135, 11.866382382915361]"
437,0,"[0, 4.642109331454905]"
437,1,"[3, 4.464665358506787]"
437,2,"[4, 4.349172853958278]"
437,3,"[6, 4.530278804435311]"
437,4,"[10, 4.1091733416713225]"
437,5,"[13, 2.965811067862761]"
437,6,"[16, 2.8795950132922883]"
437,7,"[17, 2.7814337824392283]"
437,8,"[20, 3.3050286755343463]"
437,9,"[29, 2.5441850551824543]"
437,10,"[30, 3.176367978888752]"
437,11,"[34, 4.524742744430453]"
437,12,"[39, 2.618639322909066]"
437,13,"[42, 4.413164574444224]"
437,14,"[44, 2.126749775180115]"
437,15,"[45, 3.0152245960816737]"
437,16,"[52, 3.176367978888752]"
437,17,"[53, 3.6412548599152426]"
437,18,"[59, 4.571359126794881]"
437,19,"[63, 4.147583753244343]"
437,20,"[66, 2.965811067862761]"
437,21,"[69, 4.147583753244343]"
437,22,"[70, 2.697582693667362]"
437,23,"[77, 3.176367978888752]"
437,24,"[84, 3.5686459758384106]"
437,25,"[87, 4.418430808385775]"
437,26,"[88, 3.4381554309452222]"
437,27,"[89, 3.498876210485529]"
437,28,"[101, 2.5441850551824543]"
437,29,"[102, 2.0727243974042677]"
437,30,"[104, 3.7168797589304208]"
437,31,"[108, 4.186174952528611]"
437,32,"[114, 3.7168797589304208]"
437,33,"[122, 3.293270374447756]"
437,34,"[136, 16.747048900154663]"
437,35,"[158, 4.186174952528611]"
437,36,"[160, 3.7168797589304208]"
437,37,"[163, 2.284382871071238]"
437,38,"[164, 2.7814337824392283]"
437,39,"[168, 2.5441850551824543]"
437,40,"[172, 4.391625789985027]"
437,41,"[177, 3.067480526272013]"
437,42,"[187, 3.498876210485529]"
437,43,"[197, 4.858799728307154]"
437,44,"[202, 4.05363838207809]"
437,45,"[207, 3.131532983502952]"
437,46,"[226, 3.067480526272013]"
437,47,"[238, 2.697582693667362]"
438,0,"[0, 2.3210546657274524]"
438,1,"[3, 2.2323326792533935]"
438,2,"[4, 2.174586426979139]"
438,3,"[6, 2.2651394022176556]"
438,4,"[10, 2.0545866708356613]"
438,5,"[13, 1.4829055339313806]"
438,6,"[16, 1.4397975066461441]"
438,7,"[17, 1.3907168912196142]"
438,8,"[20, 1.6525143377671732]"
438,9,"[29, 1.2720925275912272]"
438,10,"[30, 1.588183989444376]"
438,11,"[34, 2.2623713722152266]"
438,12,"[39, 1.309319661454533]"
438,13,"[42, 2.206582287222112]"
438,14,"[44, 1.0633748875900575]"
438,15,"[45, 1.5076122980408369]"
438,16,"[52, 1.588183989444376]"
438,17,"[53, 1.8206274299576213]"
438,18,"[59, 2.2856795633974407]"
438,19,"[63, 2.0737918766221717]"
438,20,"[66, 1.4829055339313806]"
438,21,"[69, 2.0737918766221717]"
438,22,"[70, 1.348791346833681]"
438,23,"[77, 1.588183989444376]"
438,24,"[84, 1.7843229879192053]"
438,25,"[87, 2.2092154041928875]"
438,26,"[88, 1.7190777154726111]"
438,27,"[89, 1.7494381052427646]"
438,28,"[94, 4.848256795068338]"
438,29,"[101, 1.2720925275912272]"
438,30,"[102, 1.0363621987021339]"
438,31,"[104, 1.8584398794652104]"
438,32,"[108, 2.0930874762643055]"
438,33,"[114, 1.8584398794652104]"
438,34,"[122, 1.646635187223878]"
438,35,"[137, 11.269121322484159]"
438,36,"[158, 2.0930874762643055]"
438,37,"[160, 1.8584398794652104]"
438,38,"[163, 1.142191435535619]"
438,39,"[164, 1.3907168912196142]"
438,40,"[168, 1.2720925275912272]"
438,41,"[172, 2.1958128949925135]"
438,42,"[177, 1.5337402631360064]"
438,43,"[187, 1.7494381052427646]"
438,44,"[195, 4.489309490043278]"
438,45,"[197, 2.429399864153577]"
438,46,"[202, 2.026819191039045]"
438,47,"[207, 1.565766491751476]"
438,48,"[226, 1.5337402631360064]"
438,49,"[238, 1.348791346833681]"
438,50,"[249, 5.202716136293645]"
439,0,"[0, 2.3210546657274524]"
439,1,"[3, 2.2323326792533935]"
439,2,"[4, 2.174586426979139]"
439,3,"[6, 2.2651394022176556]"
439,4,"[10, 2.0545866708356613]"
439,5,"[13, 1.4829055339313806]"
439,6,"[16, 1.4397975066461441]"
439,7,"[17, 1.3907168912196142]"
439,8,"[20, 1.6525143377671732]"
439,9,"[29, 1.2720925275912272]"
439,10,"[30, 1.588183989444376]"
439,11,"[34, 2.2623713722152266]"
439,12,"[39, 1.309319661454533]"
439,13,"[42, 2.206582287222112]"
439,14,"[44, 1.0633748875900575]"
439,15,"[45, 1.5076122980408369]"
439,16,"[52, 6.608541088826097]"
439,17,"[53, 1.8206274299576213]"
439,18,"[59, 2.2856795633974407]"
439,19,"[63, 2.0737918766221717]"
439,20,"[66, 1.4829055339313806]"
439,21,"[69, 2.0737918766221717]"
439,22,"[70, 1.348791346833681]"
439,23,"[77, 1.588183989444376]"
439,24,"[84, 1.7843229879192053]"
439,25,"[87, 2.2092154041928875]"
439,26,"[88, 1.7190777154726111]"
439,27,"[89, 1.7494381052427646]"
439,28,"[101, 1.2720925275912272]"
439,29,"[102, 1.0363621987021339]"
439,30,"[104, 1.8584398794652104]"
439,31,"[108, 2.0930874762643055]"
439,32,"[114, 1.8584398794652104]"
439,33,"[122, 1.646635187223878]"
439,34,"[138, 18.11406017071621]"
439,35,"[158, 2.0930874762643055]"
439,36,"[160, 1.8584398794652104]"
439,37,"[163, 1.142191435535619]"
439,38,"[164, 1.3907168912196142]"
439,39,"[168, 1.2720925275912272]"
439,40,"[172, 2.1958128949925135]"
439,41,"[177, 1.5337402631360064]"
439,42,"[187, 1.7494381052427646]"
439,43,"[197, 2.429399864153577]"
439,44,"[202, 2.026819191039045]"
439,45,"[207, 1.565766491751476]"
439,46,"[226, 1.5337402631360064]"
439,47,"[238, 1.348791346833681]"
440,0,"[34, 3.8048106025504915]"
440,1,"[139, 10.60270673276661]"
441,0,"[1, 4.105352328518896]"
441,1,"[105, 3.5785373152349425]"
441,2,"[128, 4.614888564935234]"
441,3,"[140, 10.466048530813884]"
441,4,"[153, 9.666231626871241]"
441,5,"[217, 4.81405417865163]"
442,0,"[103, 4.489309490043278]"
442,1,"[141, 9.552818146734797]"
442,2,"[145, 4.489309490043278]"
443,0,"[0, 4.642109331454905]"
443,1,"[3, 4.464665358506787]"
443,2,"[4, 4.349172853958278]"
443,3,"[5, 4.146432046654313]"
443,4,"[6, 4.530278804435311]"
443,5,"[10, 4.1091733416713225]"
443,6,"[13, 2.965811067862761]"
443,7,"[16, 2.8795950132922883]"
443,8,"[17, 4.70848049993023]"
443,9,"[20, 3.3050286755343463]"
443,10,"[29, 2.5441850551824543]"
443,11,"[30, 3.176367978888752]"
443,12,"[31, 2.2006669818661546]"
443,13,"[34, 4.524742744430453]"
443,14,"[39, 2.618639322909066]"
443,15,"[42, 4.413164574444224]"
443,16,"[44, 4.338802450591318]"
443,17,"[45, 5.104247422029275]"
443,18,"[46, 1.3368084397487776]"
443,19,"[52, 3.176367978888752]"
443,20,"[53, 3.6412548599152426]"
443,21,"[59, 4.571359126794881]"
443,22,"[63, 4.147583753244343]"
443,23,"[66, 2.965811067862761]"
443,24,"[69, 4.147583753244343]"
443,25,"[70, 2.697582693667362]"
443,26,"[77, 3.176367978888752]"
443,27,"[84, 3.5686459758384106]"
443,28,"[87, 4.418430808385775]"
443,29,"[88, 3.4381554309452222]"
443,30,"[89, 3.498876210485529]"
443,31,"[101, 2.5441850551824543]"
443,32,"[102, 2.0727243974042677]"
443,33,"[104, 3.7168797589304208]"
443,34,"[108, 4.186174952528611]"
443,35,"[114, 3.7168797589304208]"
443,36,"[122, 3.293270374447756]"
443,37,"[127, 2.462951825648207]"
443,38,"[142, 11.520501309284239]"
443,39,"[152, 1.9270467174910024]"
443,40,"[157, 2.125227038098365]"
443,41,"[158, 4.186174952528611]"
443,42,"[159, 1.9270467174910024]"
443,43,"[160, 3.7168797589304208]"
443,44,"[163, 2.284382871071238]"
443,45,"[164, 5.468182501957429]"
443,46,"[168, 5.865365257080269]"
443,47,"[172, 4.391625789985027]"
443,48,"[176, 2.125227038098365]"
443,49,"[177, 5.1927075643703775]"
443,50,"[180, 4.004290321888987]"
443,51,"[184, 2.462951825648207]"
443,52,"[187, 3.498876210485529]"
443,53,"[193, 2.2006669818661546]"
443,54,"[197, 4.858799728307154]"
443,55,"[199, 1.9888682775445383]"
443,56,"[200, 2.462951825648207]"
443,57,"[202, 4.05363838207809]"
443,58,"[206, 2.462951825648207]"
443,59,"[207, 3.131532983502952]"
443,60,"[214, 4.832611846597106]"
443,61,"[215, 1.8689525912184124]"
443,62,"[218, 2.3688422628103285]"
443,63,"[219, 2.6755399759391234]"
443,64,"[226, 3.067480526272013]"
443,65,"[228, 2.125227038098365]"
443,66,"[229, 2.054787900796733]"
443,67,"[235, 2.125227038098365]"
443,68,"[237, 2.462951825648207]"
443,69,"[238, 5.327347064607386]"
443,70,"[239, 2.054787900796733]"
443,71,"[246, 2.2816598780663484]"
443,72,"[249, 2.462951825648207]"
444,0,"[143, 11.575602568482902]"
445,0,"[20, 2.9078010209347083]"
445,1,"[55, 4.299036481183997]"
445,2,"[102, 2.7057352682059364]"
445,3,"[144, 9.395274271185873]"
445,4,"[170, 3.8715709696867293]"
446,0,"[0, 2.3210546657274524]"
446,1,"[3, 2.2323326792533935]"
446,2,"[4, 2.174586426979139]"
446,3,"[6, 2.2651394022176556]"
446,4,"[10, 2.0545866708356613]"
446,5,"[13, 1.4829055339313806]"
446,6,"[16, 1.4397975066461441]"
446,7,"[17, 1.3907168912196142]"
446,8,"[20, 1.6525143377671732]"
446,9,"[29, 1.2720925275912272]"
446,10,"[30, 1.588183989444376]"
446,11,"[34, 2.2623713722152266]"
446,12,"[39, 1.309319661454533]"
446,13,"[42, 2.206582287222112]"
446,14,"[44, 1.0633748875900575]"
446,15,"[45, 1.5076122980408369]"
446,16,"[52, 1.588183989444376]"
446,17,"[53, 1.8206274299576213]"
446,18,"[59, 2.2856795633974407]"
446,19,"[63, 2.0737918766221717]"
446,20,"[66, 1.4829055339313806]"
446,21,"[69, 2.0737918766221717]"
446,22,"[70, 1.348791346833681]"
446,23,"[77, 1.588183989444376]"
446,24,"[84, 1.7843229879192053]"
446,25,"[87, 2.2092154041928875]"
446,26,"[88, 1.7190777154726111]"
446,27,"[89, 1.7494381052427646]"
446,28,"[101, 1.2720925275912272]"
446,29,"[102, 1.0363621987021339]"
446,30,"[103, 4.848256795068338]"
446,31,"[104, 1.8584398794652104]"
446,32,"[108, 2.0930874762643055]"
446,33,"[114, 1.8584398794652104]"
446,34,"[122, 1.646635187223878]"
446,35,"[145, 10.239240744365224]"
446,36,"[158, 2.0930874762643055]"
446,37,"[160, 1.8584398794652104]"
446,38,"[163, 1.142191435535619]"
446,39,"[164, 1.3907168912196142]"
446,40,"[168, 1.2720925275912272]"
446,41,"[172, 2.1958128949925135]"
446,42,"[177, 1.5337402631360064]"
446,43,"[187, 1.7494381052427646]"
446,44,"[197, 2.429399864153577]"
446,45,"[202, 2.026819191039045]"
446,46,"[207, 1.565766491751476]"
446,47,"[226, 1.5337402631360064]"
446,48,"[238, 1.348791346833681]"
447,0,"[146, 12.4953555756017]"
448,0,"[147, 5.582349633384887]"
449,0,"[32, 5.999252198601317]"
449,1,"[148, 10.60270673276661]"
450,0,"[0, 2.3210546657274524]"
450,1,"[3, 2.2323326792533935]"
450,2,"[4, 2.174586426979139]"
450,3,"[6, 2.2651394022176556]"
450,4,"[10, 2.0545866708356613]"
450,5,"[13, 1.4829055339313806]"
450,6,"[16, 1.4397975066461441]"
450,7,"[17, 1.3907168912196142]"
450,8,"[20, 1.6525143377671732]"
450,9,"[29, 1.2720925275912272]"
450,10,"[30, 1.588183989444376]"
450,11,"[34, 2.2623713722152266]"
450,12,"[39, 1.309319661454533]"
450,13,"[42, 2.206582287222112]"
450,14,"[44, 1.0633748875900575]"
450,15,"[45, 1.5076122980408369]"
450,16,"[52, 1.588183989444376]"
450,17,"[53, 1.8206274299576213]"
450,18,"[59, 2.2856795633974407]"
450,19,"[63, 2.0737918766221717]"
450,20,"[66, 1.4829055339313806]"
450,21,"[69, 2.0737918766221717]"
450,22,"[70, 1.348791346833681]"
450,23,"[77, 1.588183989444376]"
450,24,"[84, 1.7843229879192053]"
450,25,"[87, 2.2092154041928875]"
450,26,"[88, 1.7190777154726111]"
450,27,"[89, 1.7494381052427646]"
450,28,"[101, 1.2720925275912272]"
450,29,"[102, 1.0363621987021339]"
450,30,"[103, 4.848256795068338]"
450,31,"[104, 1.8584398794652104]"
450,32,"[108, 2.0930874762643055]"
450,33,"[114, 1.8584398794652104]"
450,34,"[122, 1.646635187223878]"
450,35,"[149, 14.627358633613923]"
450,36,"[158, 2.0930874762643055]"
450,37,"[160, 1.8584398794652104]"
450,38,"[163, 1.142191435535619]"
450,39,"[164, 1.3907168912196142]"
450,40,"[168, 1.2720925275912272]"
450,41,"[172, 2.1958128949925135]"
450,42,"[177, 1.5337402631360064]"
450,43,"[187, 1.7494381052427646]"
450,44,"[197, 2.429399864153577]"
450,45,"[202, 2.026819191039045]"
450,46,"[207, 1.565766491751476]"
450,47,"[226, 1.5337402631360064]"
450,48,"[238, 1.348791346833681]"
601,0,"[11, 4.819756741293704]"
601,1,"[29, 4.471311448942958]"
601,2,"[150, 4.648668113575619]"
601,3,"[205, 4.648668113575619]"
602,0,"[0, 2.3210546657274524]"
602,1,"[3, 2.2323326792533935]"
602,2,"[4, 2.174586426979139]"
602,3,"[6, 2.2651394022176556]"
602,4,"[10, 2.0545866708356613]"
602,5,"[13, 1.4829055339313806]"
602,6,"[16, 1.4397975066461441]"
602,7,"[17, 1.3907168912196142]"
602,8,"[20, 1.6525143377671732]"
602,9,"[29, 1.2720925275912272]"
602,10,"[30, 1.588183989444376]"
602,11,"[34, 2.2623713722152266]"
602,12,"[39, 1.309319661454533]"
602,13,"[42, 2.206582287222112]"
602,14,"[44, 1.0633748875900575]"
602,15,"[45, 1.5076122980408369]"
602,16,"[52, 1.588183989444376]"
602,17,"[53, 1.8206274299576213]"
602,18,"[59, 2.2856795633974407]"
602,19,"[63, 2.0737918766221717]"
602,20,"[66, 1.4829055339313806]"
602,21,"[69, 2.0737918766221717]"
602,22,"[70, 1.348791346833681]"
602,23,"[77, 1.588183989444376]"
602,24,"[84, 1.7843229879192053]"
602,25,"[87, 2.2092154041928875]"
602,26,"[88, 1.7190777154726111]"
602,27,"[89, 1.7494381052427646]"
602,28,"[101, 1.2720925275912272]"
602,29,"[102, 1.0363621987021339]"
602,30,"[104, 1.8584398794652104]"
602,31,"[108, 2.0930874762643055]"
602,32,"[114, 1.8584398794652104]"
602,33,"[122, 1.646635187223878]"
602,34,"[151, 9.58227085273275]"
602,35,"[158, 2.0930874762643055]"
602,36,"[160, 1.8584398794652104]"
602,37,"[163, 1.142191435535619]"
602,38,"[164, 1.3907168912196142]"
602,39,"[168, 1.2720925275912272]"
602,40,"[172, 2.1958128949925135]"
602,41,"[177, 1.5337402631360064]"
602,42,"[187, 1.7494381052427646]"
602,43,"[197, 2.429399864153577]"
602,44,"[202, 2.026819191039045]"
602,45,"[207, 1.565766491751476]"
602,46,"[226, 1.5337402631360064]"
602,47,"[232, 4.26362075091191]"
602,48,"[238, 1.348791346833681]"
604,0,"[1, 4.105352328518896]"
604,1,"[105, 3.5785373152349425]"
604,2,"[128, 4.614888564935234]"
604,3,"[140, 10.466048530813884]"
604,4,"[153, 15.675185206086677]"
604,5,"[217, 4.81405417865163]"
605,0,"[44, 2.543597340817308]"
605,1,"[49, 3.7989429874863534]"
605,2,"[55, 4.819756741293704]"
605,3,"[70, 3.226314748600824]"
605,4,"[152, 3.3266008325180976]"
605,5,"[154, 18.397263592553127]"
605,6,"[170, 9.028079297684332]"
605,7,"[208, 3.9387585059593113]"
605,8,"[212, 3.7989429874863534]"
606,0,"[155, 11.164699266769775]"
607,0,"[26, 4.146432046654313]"
607,1,"[61, 5.0411737849272775]"
607,2,"[101, 4.021170591322554]"
607,3,"[156, 14.749138779420921]"
607,4,"[175, 4.463302968110446]"
607,5,"[186, 3.8715709696867293]"
608,0,"[111, 5.205125292292637]"
608,1,"[157, 15.087497539433564]"
608,2,"[232, 4.26362075091191]"
609,0,"[158, 17.390783633942426]"
610,0,"[37, 5.205125292292637]"
610,1,"[44, 3.4358078609635303]"
610,2,"[51, 3.4181233565123295]"
610,3,"[90, 2.90289742014516]"
610,4,"[106, 3.5439232674005723]"
610,5,"[159, 17.165815386075106]"
610,6,"[190, 3.3009484109474214]"
610,7,"[194, 3.3009484109474214]"
610,8,"[215, 2.90289742014516]"
610,9,"[227, 3.6793368252107324]"
610,10,"[232, 2.90289742014516]"
611,0,"[100, 5.020357099381721]"
611,1,"[103, 4.848256795068338]"
611,2,"[145, 4.848256795068338]"
611,3,"[160, 8.741010161363224]"
612,0,"[161, 10.992926576534089]"
612,1,"[191, 4.687564774903298]"
613,0,"[120, 5.582349633384887]"
613,1,"[162, 12.4953555756017]"
614,0,"[163, 8.029437374756933]"
615,0,"[164, 16.099792575273106]"
615,1,"[181, 5.404013496549382]"
616,0,"[28, 3.920477219876309]"
616,1,"[165, 11.866382382915361]"
617,0,"[51, 4.146432046654313]"
617,1,"[94, 4.004290321888987]"
617,2,"[113, 6.008953579215437]"
617,3,"[133, 5.0411737849272775]"
617,4,"[166, 4.463302968110446]"
617,5,"[176, 7.289225555175384]"
617,6,"[236, 4.299036481183997]"
618,0,"[123, 4.369918139088439]"
618,1,"[145, 4.220115201434002]"
618,2,"[152, 3.826583701680192]"
618,3,"[167, 16.48804527915968]"
619,0,"[168, 12.96379348920847]"
619,1,"[180, 4.848256795068338]"
620,0,"[169, 17.363403852724353]"
621,0,"[20, 2.9078010209347083]"
621,1,"[55, 4.299036481183997]"
621,2,"[102, 2.7057352682059364]"
621,3,"[144, 4.004290321888987]"
621,4,"[170, 19.508481841548015]"
622,0,"[90, 4.26362075091191]"
622,1,"[171, 9.58227085273275]"
623,0,"[48, 4.537183071851577]"
623,1,"[172, 13.745425038768843]"
624,0,"[173, 13.413934346828874]"
625,0,"[174, 4.471311448942958]"
626,0,"[26, 4.146432046654313]"
626,1,"[61, 5.0411737849272775]"
626,2,"[156, 4.146432046654313]"
626,3,"[175, 4.463302968110446]"
626,4,"[186, 3.8715709696867293]"
627,0,"[13, 3.8715709696867293]"
627,1,"[69, 4.004290321888987]"
627,2,"[163, 2.98203432549139]"
627,3,"[166, 6.008953579215437]"
627,4,"[176, 9.395274271185873]"
627,5,"[195, 4.004290321888987]"
628,0,"[17, 1.9270467174910024]"
628,1,"[31, 2.2006669818661546]"
628,2,"[44, 2.2120526754112033]"
628,3,"[45, 2.0890228259476014]"
628,4,"[46, 1.3368084397487776]"
628,5,"[127, 2.462951825648207]"
628,6,"[142, 2.125227038098365]"
628,7,"[152, 1.9270467174910024]"
628,8,"[157, 2.125227038098365]"
628,9,"[159, 1.9270467174910024]"
628,10,"[164, 2.686748719518201]"
628,11,"[176, 2.125227038098365]"
628,12,"[177, 12.907194936692136]"
628,13,"[184, 2.462951825648207]"
628,14,"[193, 2.2006669818661546]"
628,15,"[199, 1.9888682775445383]"
628,16,"[200, 2.462951825648207]"
628,17,"[206, 2.462951825648207]"
628,18,"[215, 1.8689525912184124]"
628,19,"[218, 2.3688422628103285]"
628,20,"[219, 2.6755399759391234]"
628,21,"[228, 2.125227038098365]"
628,22,"[229, 2.054787900796733]"
628,23,"[235, 2.125227038098365]"
628,24,"[237, 2.462951825648207]"
628,25,"[238, 2.629764370940024]"
628,26,"[239, 2.054787900796733]"
628,27,"[246, 2.2816598780663484]"
628,28,"[249, 2.462951825648207]"
629,0,"[178, 5.390983949296886]"
630,0,"[41, 2.5221656507762327]"
630,1,"[179, 15.078978421910799]"
631,0,"[5, 4.146432046654313]"
631,1,"[50, 4.004290321888987]"
631,2,"[99, 3.7473671530217953]"
631,3,"[142, 4.004290321888987]"
631,4,"[167, 5.390983949296886]"
631,5,"[168, 10.663530995118183]"
631,6,"[169, 4.299036481183997]"
631,7,"[180, 12.856837438846313]"
631,8,"[214, 4.832611846597106]"
632,0,"[164, 4.396150234776686]"
632,1,"[181, 23.43087423419569]"
633,0,"[182, 13.012309699810649]"
634,0,"[175, 5.404013496549382]"
634,1,"[183, 10.60270673276661]"
635,0,"[123, 5.582349633384887]"
635,1,"[184, 12.4953555756017]"
636,0,"[42, 4.014718687378466]"
636,1,"[185, 5.582349633384887]"
637,0,"[1, 5.034220323412018]"
637,1,"[16, 4.401860184814872]"
637,2,"[19, 3.2279307721620825]"
637,3,"[26, 4.146432046654313]"
637,4,"[47, 4.388209303083963]"
637,5,"[53, 3.8891395649433718]"
637,6,"[61, 5.0411737849272775]"
637,7,"[70, 4.123629121347809]"
637,8,"[71, 4.530747709922641]"
637,9,"[75, 4.533653376619191]"
637,10,"[81, 3.3223626002244693]"
637,11,"[84, 3.7816189650647387]"
637,12,"[87, 3.5006347936621696]"
637,13,"[90, 4.123629121347809]"
637,14,"[93, 4.689069238543365]"
637,15,"[102, 3.168446589507323]"
637,16,"[107, 4.251807135066572]"
637,17,"[126, 4.533653376619191]"
637,18,"[129, 4.855518805266132]"
637,19,"[134, 4.369918139088439]"
637,20,"[142, 4.689069238543365]"
637,21,"[156, 4.146432046654313]"
637,22,"[160, 4.002953234984636]"
637,23,"[163, 3.4919959093639736]"
637,24,"[173, 3.8891395649433718]"
637,25,"[174, 3.8891395649433718]"
637,26,"[175, 4.463302968110446]"
637,27,"[186, 22.910074081450986]"
637,28,"[188, 4.7038678992293566]"
637,29,"[204, 4.533653376619191]"
637,30,"[221, 4.533653376619191]"
639,0,"[188, 18.026860737646313]"
640,0,"[30, 5.020357099381721]"
640,1,"[189, 17.485086978029873]"
640,2,"[197, 3.9099998125491227]"
641,0,"[13, 4.687564774903298]"
641,1,"[17, 3.6308847865881555]"
641,2,"[24, 4.146432046654313]"
641,3,"[46, 2.82386150154766]"
641,4,"[51, 4.146432046654313]"
641,5,"[106, 4.819756741293704]"
641,6,"[107, 3.6308847865881555]"
641,7,"[190, 18.73284055629749]"
642,0,"[161, 5.205125292292637]"
642,1,"[191, 15.112172022810821]"
643,0,"[169, 5.205125292292637]"
643,1,"[192, 21.767405999536383]"
644,0,"[113, 6.008953579215437]"
644,1,"[155, 5.020357099381721]"
644,2,"[193, 10.60270673276661]"
645,0,"[33, 5.020357099381721]"
645,1,"[66, 4.687564774903298]"
645,2,"[194, 9.696513590136677]"
646,0,"[13, 3.8715709696867293]"
646,1,"[69, 4.004290321888987]"
646,2,"[137, 5.417961356605509]"
646,3,"[163, 2.98203432549139]"
646,4,"[176, 4.004290321888987]"
646,5,"[195, 8.493599811932265]"
646,6,"[249, 5.202716136293645]"
647,0,"[81, 3.4351523154780628]"
647,1,"[196, 10.992926576534089]"
648,0,"[125, 5.205125292292637]"
648,1,"[189, 5.6187045951145125]"
648,2,"[197, 11.729999437647368]"
648,3,"[238, 4.26362075091191]"
649,0,"[49, 5.020357099381721]"
649,1,"[198, 11.866382382915361]"
650,0,"[31, 5.020357099381721]"
650,1,"[171, 4.537183071851577]"
650,2,"[199, 14.119453924584327]"
651 ,0,"[17, 1.9270467174910024]"
651 ,1,"[31, 2.2006669818661546]"
651 ,2,"[44, 2.2120526754112033]"
651 ,3,"[45, 2.0890228259476014]"
651 ,4,"[46, 1.3368084397487776]"
651 ,5,"[127, 2.462951825648207]"
651 ,6,"[134, 5.020357099381721]"
651 ,7,"[142, 2.125227038098365]"
651 ,8,"[152, 1.9270467174910024]"
651 ,9,"[157, 2.125227038098365]"
651 ,10,"[159, 1.9270467174910024]"
651 ,11,"[164, 2.686748719518201]"
651 ,12,"[176, 2.125227038098365]"
651 ,13,"[177, 2.125227038098365]"
651 ,14,"[184, 2.462951825648207]"
651 ,15,"[193, 2.2006669818661546]"
651 ,16,"[199, 1.9888682775445383]"
651 ,17,"[200, 14.32933420856357]"
651 ,18,"[206, 2.462951825648207]"
651 ,19,"[215, 1.8689525912184124]"
651 ,20,"[218, 2.3688422628103285]"
651 ,21,"[219, 2.6755399759391234]"
651 ,22,"[228, 2.125227038098365]"
651 ,23,"[229, 2.054787900796733]"
651 ,24,"[235, 2.125227038098365]"
651 ,25,"[237, 2.462951825648207]"
651 ,26,"[238, 2.629764370940024]"
651 ,27,"[239, 2.054787900796733]"
651 ,28,"[246, 2.2816598780663484]"
651 ,29,"[249, 2.462951825648207]"
652 ,0,"[201, 12.4953555756017]"
653 ,0,"[202, 10.424607247907522]"
654 ,0,"[203, 11.924116206510833]"
654 ,1,"[206, 5.202716136293645]"
654 ,2,"[229, 4.340514522781035]"
655 ,0,"[36, 4.105352328518896]"
655 ,1,"[38, 4.105352328518896]"
655 ,2,"[79, 4.431547887419488]"
655 ,3,"[80, 3.959623169582752]"
655 ,4,"[82, 4.431547887419488]"
655 ,5,"[204, 5.212303623953761]"
655 ,6,"[241, 4.431547887419488]"
656 ,0,"[34, 2.8791295661125424]"
656 ,1,"[78, 3.9387585059593113]"
656 ,2,"[85, 3.9387585059593113]"
656 ,3,"[93, 3.6687133581446254]"
656 ,4,"[119, 5.404013496549382]"
656 ,5,"[204, 3.54711646551996]"
656 ,6,"[205, 14.401649720252962]"
656 ,7,"[227, 4.089258746061348]"
657 ,0,"[43, 3.2833630122971638]"
657 ,1,"[45, 3.116855230366917]"
657 ,2,"[206, 12.4953555756017]"
658 ,0,"[207, 11.034171696484034]"
659 ,0,"[44, 2.543597340817308]"
659 ,1,"[49, 3.7989429874863534]"
659 ,2,"[70, 3.226314748600824]"
659 ,3,"[152, 3.3266008325180976]"
659 ,4,"[154, 3.6687133581446254]"
659 ,5,"[208, 14.931685082493399]"
659 ,6,"[212, 3.7989429874863534]"
659 ,7,"[245, 5.205125292292637]"
660 ,0,"[209, 18.74303336340255]"
661 ,0,"[35, 3.264365150601583]"
661 ,1,"[36, 4.105352328518896]"
661 ,2,"[38, 4.105352328518896]"
661 ,3,"[68, 4.431547887419488]"
661 ,4,"[79, 4.431547887419488]"
661 ,5,"[80, 3.959623169582752]"
661 ,6,"[82, 4.431547887419488]"
661 ,7,"[135, 4.431547887419488]"
661 ,8,"[207, 2.5838339898492073]"
661 ,9,"[210, 11.600996377023186]"
661 ,10,"[218, 4.26221813032186]"
661 ,11,"[241, 4.431547887419488]"
662 ,0,"[143, 5.787801284241451]"
663 ,0,"[212, 16.747048900154663]"
664 ,0,"[71, 4.819756741293704]"
664 ,1,"[99, 4.201266534240972]"
664 ,2,"[213, 17.698071711895345]"
665 ,0,"[5, 4.146432046654313]"
665 ,1,"[142, 4.004290321888987]"
665 ,2,"[168, 3.321180201897815]"
665 ,3,"[180, 4.004290321888987]"
665 ,4,"[214, 10.683771812475756]"
665 ,5,"[217, 6.103679576950424]"
666 ,0,"[44, 3.4358078609635303]"
666 ,1,"[51, 3.4181233565123295]"
666 ,2,"[90, 2.90289742014516]"
666 ,3,"[106, 3.5439232674005723]"
666 ,4,"[159, 2.993130468364081]"
666 ,5,"[190, 3.3009484109474214]"
666 ,6,"[194, 3.3009484109474214]"
666 ,7,"[215, 7.6437995640736265]"
666 ,8,"[227, 3.6793368252107324]"
666 ,9,"[232, 2.90289742014516]"
667 ,0,"[216, 10.781967898593772]"
668 ,0,"[0, 2.3210546657274524]"
668 ,1,"[1, 4.105352328518896]"
668 ,2,"[3, 2.2323326792533935]"
668 ,3,"[4, 2.174586426979139]"
668 ,4,"[6, 2.2651394022176556]"
668 ,5,"[10, 2.0545866708356613]"
668 ,6,"[13, 1.4829055339313806]"
668 ,7,"[16, 1.4397975066461441]"
668 ,8,"[17, 1.3907168912196142]"
668 ,9,"[20, 1.6525143377671732]"
668 ,10,"[29, 1.2720925275912272]"
668 ,11,"[30, 1.588183989444376]"
668 ,12,"[34, 2.2623713722152266]"
668 ,13,"[39, 1.309319661454533]"
668 ,14,"[42, 2.206582287222112]"
668 ,15,"[44, 1.0633748875900575]"
668 ,16,"[45, 1.5076122980408369]"
668 ,17,"[52, 1.588183989444376]"
668 ,18,"[53, 1.8206274299576213]"
668 ,19,"[59, 2.2856795633974407]"
668 ,20,"[63, 2.0737918766221717]"
668 ,21,"[66, 1.4829055339313806]"
668 ,22,"[69, 2.0737918766221717]"
668 ,23,"[70, 1.348791346833681]"
668 ,24,"[77, 1.588183989444376]"
668 ,25,"[84, 1.7843229879192053]"
668 ,26,"[87, 2.2092154041928875]"
668 ,27,"[88, 1.7190777154726111]"
668 ,28,"[89, 1.7494381052427646]"
668 ,29,"[101, 1.2720925275912272]"
668 ,30,"[102, 1.0363621987021339]"
668 ,31,"[104, 1.8584398794652104]"
668 ,32,"[105, 3.5785373152349425]"
668 ,33,"[108, 2.0930874762643055]"
668 ,34,"[114, 1.8584398794652104]"
668 ,35,"[122, 1.646635187223878]"
668 ,36,"[128, 4.614888564935234]"
668 ,37,"[140, 4.614888564935234]"
668 ,38,"[153, 4.26221813032186]"
668 ,39,"[158, 2.0930874762643055]"
668 ,40,"[160, 1.8584398794652104]"
668 ,41,"[163, 1.142191435535619]"
668 ,42,"[164, 1.3907168912196142]"
668 ,43,"[168, 1.2720925275912272]"
668 ,44,"[172, 2.1958128949925135]"
668 ,45,"[177, 1.5337402631360064]"
668 ,46,"[187, 1.7494381052427646]"
668 ,47,"[197, 2.429399864153577]"
668 ,48,"[202, 2.026819191039045]"
668 ,49,"[207, 1.565766491751476]"
668 ,50,"[214, 5.85115996587865]"
668 ,51,"[217, 10.917733755602054]"
668 ,52,"[226, 1.5337402631360064]"
668 ,53,"[238, 1.348791346833681]"
669 ,0,"[218, 12.017907158430875]"
670 ,0,"[17, 1.9270467174910024]"
670 ,1,"[31, 2.2006669818661546]"
670 ,2,"[44, 2.2120526754112033]"
670 ,3,"[45, 2.0890228259476014]"
670 ,4,"[46, 1.3368084397487776]"
670 ,5,"[127, 2.462951825648207]"
670 ,6,"[142, 2.125227038098365]"
670 ,7,"[152, 1.9270467174910024]"
670 ,8,"[157, 2.125227038098365]"
670 ,9,"[159, 1.9270467174910024]"
670 ,10,"[164, 2.686748719518201]"
670 ,11,"[176, 2.125227038098365]"
670 ,12,"[177, 2.125227038098365]"
670 ,13,"[184, 2.462951825648207]"
670 ,14,"[193, 2.2006669818661546]"
670 ,15,"[199, 1.9888682775445383]"
670 ,16,"[200, 2.462951825648207]"
670 ,17,"[206, 2.462951825648207]"
670 ,18,"[215, 1.8689525912184124]"
670 ,19,"[218, 2.3688422628103285]"
670 ,20,"[219, 16.249424372682235]"
670 ,21,"[228, 2.125227038098365]"
670 ,22,"[229, 2.054787900796733]"
670 ,23,"[235, 2.125227038098365]"
670 ,24,"[237, 2.462951825648207]"
670 ,25,"[238, 2.629764370940024]"
670 ,26,"[239, 2.054787900796733]"
670 ,27,"[246, 2.2816598780663484]"
670 ,28,"[249, 2.462951825648207]"
671 ,0,"[59, 4.640621440402289]"
671 ,1,"[157, 4.004290321888987]"
671 ,2,"[195, 4.004290321888987]"
671 ,3,"[220, 15.311131313424088]"
671 ,4,"[233, 4.146432046654313]"
672 ,0,"[221, 15.636910871861282]"
673 ,0,"[222, 18.026860737646313]"
674 ,0,"[223, 12.4953555756017]"
675 ,0,"[224, 6.008953579215437]"
676 ,0,"[225, 12.4953555756017]"
677 ,0,"[226, 16.17295184789066]"
678 ,0,"[44, 3.4358078609635303]"
678 ,1,"[51, 3.4181233565123295]"
678 ,2,"[90, 2.90289742014516]"
678 ,3,"[106, 3.5439232674005723]"
678 ,4,"[159, 2.993130468364081]"
678 ,5,"[190, 3.3009484109474214]"
678 ,6,"[194, 3.3009484109474214]"
678 ,7,"[215, 2.90289742014516]"
678 ,8,"[227, 9.68829040442617]"
678 ,9,"[232, 2.90289742014516]"
679 ,0,"[228, 16.17295184789066]"
680 ,0,"[43, 3.2833630122971638]"
680 ,1,"[45, 3.116855230366917]"
680 ,2,"[229, 9.899868398857059]"
680 ,3,"[231, 5.205125292292637]"
681 ,0,"[6, 4.241762597921312]"
681 ,1,"[20, 3.2600080586268803]"
681 ,2,"[192, 4.648668113575619]"
681 ,3,"[230, 11.924116206510833]"
682 ,0,"[229, 4.687564774903298]"
682 ,1,"[231, 16.78072786077554]"
683 ,0,"[151, 4.537183071851577]"
683 ,1,"[232, 9.004522894840377]"
684 ,0,"[59, 4.640621440402289]"
684 ,1,"[157, 4.004290321888987]"
684 ,2,"[195, 4.004290321888987]"
684 ,3,"[220, 4.146432046654313]"
684 ,4,"[233, 9.728781680039202]"
685 ,0,"[234, 6.786942198371556]"
686 ,0,"[235, 16.17295184789066]"
687 ,0,"[103, 4.848256795068338]"
687 ,1,"[152, 3.826583701680192]"
687 ,2,"[164, 3.826583701680192]"
687 ,3,"[194, 4.220115201434002]"
687 ,4,"[236, 10.992926576534089]"
687 ,5,"[242, 4.89074355515354]"
688 ,0,"[237, 11.866382382915361]"
688 ,1,"[242, 5.6187045951145125]"
689 ,0,"[238, 4.740902143928467]"
690 ,0,"[45, 3.116855230366917]"
690 ,1,"[93, 4.848256795068338]"
690 ,2,"[239, 5.212303623953761]"
691 ,0,"[240, 6.24767778780085]"
692 ,0,"[9, 4.687564774903298]"
692 ,1,"[36, 4.105352328518896]"
692 ,2,"[38, 4.105352328518896]"
692 ,3,"[79, 4.431547887419488]"
692 ,4,"[80, 3.959623169582752]"
692 ,5,"[82, 4.431547887419488]"
692 ,6,"[241, 22.5456080581357]"
693 ,0,"[237, 5.6187045951145125]"
693 ,1,"[242, 11.866382382915361]"
694 ,0,"[243, 13.573884396743113]"
695 ,0,"[244, 18.026860737646313]"
696 ,0,"[208, 5.205125292292637]"
696 ,1,"[245, 16.78072786077554]"
697 ,0,"[28, 3.920477219876309]"
697 ,1,"[246, 10.992926576534089]"
698 ,0,"[5, 4.146432046654313]"
698 ,1,"[142, 4.004290321888987]"
698 ,2,"[168, 3.321180201897815]"
698 ,3,"[180, 4.004290321888987]"
698 ,4,"[214, 4.832611846597106]"
698 ,5,"[247, 13.012309699810649]"
699 ,0,"[248, 13.012309699810649]"
700 ,0,"[0, 0.11161954825398264]"
700 ,1,"[2, 0.14448373192244895]"
700 ,2,"[3, 0.12202822340372892]"
700 ,3,"[6, 0.1537948149142084]"
700 ,4,"[8, 0.1500044655018921]"
700 ,5,"[9, 0.1301173005977597]"
700 ,6,"[10, 0.08690916466845985]"
700 ,7,"[11, 0.14448373192244895]"
700 ,8,"[12, 0.16942577828865285]"
700 ,9,"[13, 0.1301173005977597]"
700 ,10,"[14, 0.14448373192244895]"
700 ,11,"[15, 0.1500044655018921]"
700 ,12,"[18, 0.155963855408827]"
700 ,13,"[19, 0.13932746482241282]"
700 ,14,"[20, 0.09772653594157124]"
700 ,15,"[21, 0.1500044655018921]"
700 ,16,"[22, 0.155963855408827]"
700 ,17,"[24, 0.13935494124917439]"
700 ,18,"[25, 0.14448373192244895]"
700 ,19,"[26, 0.13935494124917439]"
700 ,20,"[27, 0.16942577828865285]"
700 ,21,"[28, 0.15686750196157642]"
700 ,22,"[29, 0.11161954825398264]"
700 ,23,"[31, 5.159712040630896]"
700 ,24,"[32, 0.11834947345185125]"
700 ,25,"[33, 0.13935494124917439]"
700 ,26,"[34, 0.10561383333626971]"
700 ,27,"[35, 0.11488603695231732]"
700 ,28,"[39, 0.11488603695231732]"
700 ,29,"[40, 0.10561383333626971]"
700 ,30,"[41, 0.11208162737105863]"
700 ,31,"[42, 0.10022139843511566]"
700 ,32,"[43, 0.0911395047445396]"
700 ,33,"[44, 0.0933056534827572]"
700 ,34,"[45, 0.08651758608236365]"
700 ,35,"[46, 0.1300933458680941]"
700 ,36,"[48, 0.12594300921193294]"
700 ,37,"[52, 0.13935494124917439]"
700 ,38,"[53, 0.11161954825398264]"
700 ,39,"[54, 0.13935494124917439]"
700 ,40,"[55, 0.14448373192244895]"
700 ,41,"[56, 0.09535286825799014]"
700 ,42,"[60, 0.16241634551951672]"
700 ,43,"[61, 0.16942577828865285]"
700 ,44,"[63, 0.1345777854967459]"
700 ,45,"[67, 0.16241634551951672]"
700 ,46,"[71, 0.14448373192244895]"
700 ,47,"[72, 0.1345777854967459]"
700 ,48,"[73, 0.1500044655018921]"
700 ,49,"[76, 0.1500044655018921]"
700 ,50,"[77, 0.13935494124917439]"
700 ,51,"[78, 0.14448373192244895]"
700 ,52,"[79, 0.155963855408827]"
700 ,53,"[81, 0.09535286825799014]"
700 ,54,"[82, 0.155963855408827]"
700 ,55,"[83, 0.13935494124917439]"
700 ,56,"[84, 4.018533485229333]"
700 ,57,"[86, 0.1301173005977597]"
700 ,58,"[87, 0.14799694977408287]"
700 ,59,"[88, 0.10310809759919361]"
700 ,60,"[89, 0.10561383333626971]"
700 ,61,"[90, 0.11834947345185125]"
700 ,62,"[92, 0.16241634551951672]"
700 ,63,"[93, 0.1345777854967459]"
700 ,64,"[94, 0.1345777854967459]"
700 ,65,"[95, 0.14448373192244895]"
700 ,66,"[96, 0.155963855408827]"
700 ,67,"[97, 0.12594300921193294]"
700 ,68,"[98, 0.1500044655018921]"
700 ,69,"[102, 0.0909354295679098]"
700 ,70,"[110, 0.1301173005977597]"
700 ,71,"[116, 0.16942577828865285]"
700 ,72,"[122, 0.14448373192244895]"
700 ,73,"[123, 0.13935494124917439]"
700 ,74,"[125, 0.14448373192244895]"
700 ,75,"[126, 0.1301173005977597]"
700 ,76,"[128, 0.16241634551951672]"
700 ,77,"[129, 0.13935494124917439]"
700 ,78,"[141, 0.1301173005977597]"
700 ,79,"[147, 0.13935494124917439]"
700 ,80,"[151, 0.12594300921193294]"
700 ,81,"[152, 0.12202822340372892]"
700 ,82,"[155, 0.13935494124917439]"
700 ,83,"[157, 0.1345777854967459]"
700 ,84,"[158, 0.10853367268021032]"
700 ,85,"[159, 0.12202822340372892]"
700 ,86,"[163, 0.10022139843511566]"
700 ,87,"[167, 0.1345777854967459]"
700 ,88,"[171, 0.12594300921193294]"
700 ,89,"[172, 0.11834947345185125]"
700 ,90,"[174, 0.11161954825398264]"
700 ,91,"[175, 0.1500044655018921]"
700 ,92,"[179, 0.11488603695231732]"
700 ,93,"[180, 0.1345777854967459]"
700 ,94,"[185, 0.13935494124917439]"
700 ,95,"[187, 0.10561383333626971]"
700 ,96,"[193, 0.13935494124917439]"
700 ,97,"[194, 0.1345777854967459]"
700 ,98,"[195, 0.1345777854967459]"
700 ,99,"[197, 0.10853367268021032]"
700 ,100,"[199, 4.66312608106351]"
700 ,101,"[202, 0.1301173005977597]"
700 ,102,"[207, 0.0909354295679098]"
700 ,103,"[209, 0.155963855408827]"
700 ,104,"[215, 0.11834947345185125]"
700 ,105,"[216, 5.525561734793632]"
700 ,106,"[220, 0.13935494124917439]"
700 ,107,"[221, 0.1301173005977597]"
700 ,108,"[224, 0.1500044655018921]"
700 ,109,"[225, 0.155963855408827]"
700 ,110,"[227, 0.1500044655018921]"
700 ,111,"[228, 0.1345777854967459]"
700 ,112,"[229, 0.1301173005977597]"
700 ,113,"[232, 0.11834947345185125]"
700 ,114,"[239, 0.1301173005977597]"
700 ,115,"[241, 0.155963855408827]"
700 ,116,"[245, 0.14448373192244895]"
700 ,117,"[249, 5.6187045951145125]"
